precision,recall,f1,map50,map50_95,tp,fp,fn,mean_angle_error_deg,median_angle_error_deg,n_matches
0.5737704917938726,0.4999999999928571,0.5343511445323699,0.39549339546371953,0.14730469495236642,35,26,35,85.82195085797991,86.80177307128906,35
