{
  "precision": 0.5737704917938726,
  "recall": 0.4999999999928571,
  "f1": 0.5343511445323699,
  "map50": 0.39549339546371953,
  "map50_95": 0.14730469495236642,
  "tp": 35,
  "fp": 26,
  "fn": 35,
  "mean_angle_error_deg": 85.82195085797991,
  "median_angle_error_deg": 86.80177307128906,
  "n_matches": 35,
  "angle_errors": [
    123.80227661132812,
    121.26931762695312,
    40.766014099121094,
    30.556129455566406,
    28.40020751953125,
    16.507713317871094,
    71.2225341796875,
    110.77944946289062,
    158.7945098876953,
    133.81304931640625,
    5.079521179199219,
    28.633071899414062,
    154.42535400390625,
    22.621315002441406,
    93.2158432006836,
    114.13236236572266,
    86.80177307128906,
    147.01846313476562,
    177.77789306640625,
    23.518142700195312,
    6.857093811035156,
    39.347877502441406,
    103.79467010498047,
    31.438507080078125,
    11.198554992675781,
    47.3740234375,
    179.11636352539062,
    176.04098510742188,
    48.63812255859375,
    125.60861206054688,
    125.46451568603516,
    127.43254852294922,
    43.29962921142578,
    175.0960235595703,
    73.92581176757812
  ]
}